HighCostLowGraduation,LowCostLowGraduation,LowCostHighGraduation,HighCostHighGraduation
100751.0,100654.0,100706.0,100663.0
102049.0,100724.0,101116.0,100690.0
103811.0,100760.0,101189.0,100858.0
103893.0,100830.0,101365.0,100937.0
103909.0,101028.0,101435.0,101277.0
103927.0,101073.0,101480.0,102298.0
103963.0,101143.0,101541.0,103501.0
104188.0,101161.0,101675.0,103732.0
104504.0,101240.0,101693.0,103741.0
104586.0,101286.0,101709.0,103787.0
104805.0,101295.0,101912.0,103954.0
105118.0,101301.0,101958.0,104151.0
105215.0,101453.0,102234.0,104179.0
105534.0,101462.0,102270.0,104294.0
105659.0,101499.0,102377.0,104391.0
105677.0,101505.0,102669.0,104434.0
105987.0,101514.0,102845.0,104443.0
106041.0,101569.0,103644.0,104568.0
107044.0,101587.0,103945.0,104911.0
107080.0,101602.0,104090.0,105330.0
107789.0,101648.0,104364.0,105482.0
108348.0,101736.0,104717.0,105543.0
108852.0,101879.0,105163.0,105701.0
109040.0,101897.0,105172.0,106111.0
109332.0,101949.0,105516.0,106315.0
109651.0,101994.0,105589.0,106342.0
109721.0,102030.0,105899.0,106351.0
109730.0,102058.0,106102.0,106360.0
109785.0,102067.0,106306.0,106397.0
109934.0,102076.0,106546.0,106494.0
110097.0,102094.0,106908.0,106892.0
110194.0,102261.0,107220.0,107099.0
110361.0,102313.0,107293.0,107141.0
110370.0,102368.0,107558.0,107211.0
110413.0,102429.0,107600.0,107275.0
110945.0,102553.0,107831.0,107363.0
111009.0,102614.0,108232.0,107442.0
111081.0,102632.0,108250.0,107512.0
111638.0,103361.0,110185.0,107655.0
111948.0,104160.0,112084.0,108065.0
112075.0,104346.0,112394.0,108649.0
112288.0,104425.0,112570.0,108977.0
112446.0,104577.0,113908.0,110060.0
113582.0,104708.0,115454.0,110404.0
113698.0,105145.0,115472.0,110422.0
114044.0,105154.0,115490.0,110529.0
114354.0,105206.0,115515.0,110538.0
114390.0,105297.0,115533.0,110565.0
114415.0,105349.0,116466.0,110583.0
114947.0,105428.0,116475.0,110635.0
115010.0,105525.0,116484.0,110644.0
115931.0,105668.0,117104.0,110653.0
116563.0,105747.0,117113.0,110662.0
116846.0,105792.0,117627.0,110671.0
117168.0,106148.0,117751.0,110680.0
117946.0,106245.0,117928.0,110705.0
118189.0,106281.0,118541.0,110714.0
118259.0,106324.0,118693.0,110875.0
118277.0,106412.0,119544.0,111054.0
118286.0,106449.0,119605.0,111188.0
118888.0,106458.0,119775.0,111513.0
118921.0,106467.0,120184.0,111708.0
118967.0,106485.0,120537.0,111717.0
119173.0,106625.0,120865.0,111726.0
119234.0,106704.0,122454.0,111744.0
119270.0,106713.0,122685.0,111762.0
119340.0,106795.0,122694.0,111771.0
119359.0,106810.0,122843.0,111799.0
119368.0,106829.0,123280.0,112181.0
119438.0,106883.0,123396.0,112260.0
119456.0,106980.0,123457.0,112367.0
119465.0,106999.0,123642.0,113333.0
119508.0,107071.0,123651.0,113397.0
119553.0,107318.0,124487.0,113449.0
120069.0,107327.0,124779.0,114071.0
120078.0,107460.0,125532.0,114080.0
120087.0,107488.0,125897.0,114123.0
120403.0,107521.0,126182.0,114460.0
120661.0,107549.0,126359.0,114628.0
120838.0,107585.0,126401.0,114716.0
120883.0,107619.0,126605.0,114761.0
121150.0,107637.0,126669.0,114813.0
121275.0,107664.0,126687.0,115357.0
121309.0,107725.0,126702.0,115409.0
121381.0,107743.0,126827.0,115658.0
121691.0,107877.0,126854.0,115773.0
122366.0,107974.0,126872.0,116350.0
122436.0,107983.0,126924.0,117140.0
122506.0,107992.0,126951.0,117238.0
122612.0,108092.0,127024.0,117557.0
122834.0,108667.0,127556.0,117955.0
122931.0,108807.0,127653.0,118116.0
123165.0,109208.0,127741.0,118125.0
123208.0,109350.0,127787.0,118143.0
123554.0,109819.0,127918.0,118161.0
123581.0,109907.0,128337.0,118198.0
123679.0,110219.0,128683.0,118356.0
123952.0,110246.0,128744.0,118958.0
124292.0,110334.0,128957.0,118994.0
124681.0,110486.0,129154.0,119845.0
124706.0,110495.0,129181.0,119951.0
124937.0,110510.0,129215.0,120254.0
125727.0,110547.0,129774.0,120272.0
126775.0,110556.0,130314.0,121017.0
127060.0,110574.0,130776.0,121257.0
127945.0,110592.0,130934.0,121345.0
128498.0,110608.0,130989.0,121433.0
128674.0,110617.0,131098.0,121637.0
128726.0,110918.0,131113.0,121859.0
128896.0,111434.0,131399.0,121868.0
129002.0,111461.0,131876.0,121992.0
129242.0,111887.0,132338.0,122409.0
129349.0,111896.0,132471.0,122728.0
129525.0,111920.0,132602.0,122852.0
129686.0,111939.0,132842.0,123350.0
129923.0,112172.0,132879.0,123493.0
129941.0,112190.0,133085.0,123572.0
129969.0,112385.0,133465.0,123961.0
130174.0,112561.0,133809.0,124344.0
130183.0,112686.0,133872.0,125082.0
130226.0,112826.0,133979.0,125763.0
130253.0,113096.0,134149.0,126164.0
130509.0,113111.0,134422.0,126614.0
130873.0,113193.0,134680.0,126678.0
131159.0,113218.0,134811.0,126784.0
131283.0,113236.0,134909.0,126818.0
131308.0,113573.0,134945.0,126915.0
131469.0,113634.0,135337.0,127158.0
131520.0,113856.0,135364.0,127219.0
131742.0,113980.0,135717.0,127228.0
132268.0,114266.0,135939.0,127316.0
132657.0,114433.0,136066.0,127839.0
132806.0,114789.0,136215.0,128151.0
133492.0,114859.0,136288.0,128179.0
133553.0,114938.0,136303.0,128188.0
133711.0,115001.0,136330.0,128540.0
133845.0,115126.0,136783.0,128771.0
133854.0,115296.0,137032.0,128902.0
133863.0,115393.0,137476.0,129020.0
133881.0,115728.0,137537.0,129482.0
133997.0,115755.0,137564.0,129932.0
134079.0,115861.0,137801.0,130110.0
134237.0,116439.0,137810.0,130129.0
134529.0,117052.0,137962.0,130448.0
134574.0,117195.0,138275.0,130493.0
135081.0,117247.0,138293.0,130590.0
135124.0,117274.0,138309.0,130697.0
135726.0,117645.0,138372.0,130794.0
135771.0,117690.0,138716.0,130943.0
135957.0,117706.0,138761.0,131061.0
136774.0,117715.0,138789.0,131450.0
136950.0,117724.0,138813.0,131496.0
137546.0,117733.0,138868.0,131830.0
137591.0,117788.0,138947.0,132666.0
137847.0,117867.0,139074.0,132903.0
138284.0,117894.0,139199.0,132976.0
138488.0,118347.0,139214.0,133155.0
139144.0,118684.0,139287.0,133951.0
139658.0,118718.0,139579.0,134024.0
140003.0,118772.0,139719.0,134097.0
140447.0,118912.0,139904.0,134112.0
140553.0,118930.0,139931.0,134130.0
140696.0,118976.0,140164.0,134228.0
140827.0,119067.0,140234.0,134291.0
140951.0,119137.0,140252.0,134307.0
141060.0,119164.0,140340.0,134714.0
141848.0,119216.0,140818.0,135142.0
142054.0,119331.0,140872.0,135267.0
143048.0,120290.0,140988.0,135407.0
143084.0,120342.0,141015.0,135416.0
143358.0,120421.0,141185.0,135522.0
143552.0,120953.0,141237.0,136048.0
143695.0,120971.0,141264.0,136109.0
144485.0,121044.0,141361.0,136765.0
144740.0,121363.0,141468.0,136826.0
145406.0,121619.0,141486.0,137023.0
145433.0,121707.0,141644.0,137120.0
145646.0,121886.0,142090.0,137272.0
146481.0,121901.0,142276.0,137351.0
146621.0,122180.0,142337.0,137713.0
146719.0,122205.0,142461.0,137777.0
147369.0,122339.0,142887.0,138132.0
147396.0,122375.0,143464.0,138479.0
147660.0,122384.0,144281.0,138497.0
148849.0,122597.0,144351.0,138600.0
149505.0,122658.0,144467.0,138655.0
149639.0,122746.0,144883.0,138664.0
150066.0,122755.0,145372.0,138822.0
150163.0,122791.0,145424.0,138938.0
150400.0,122889.0,145460.0,139092.0
150534.0,122977.0,145497.0,139153.0
151537.0,123013.0,145619.0,139393.0
151801.0,123217.0,145770.0,139755.0
152318.0,123299.0,146339.0,139861.0
152415.0,123341.0,146393.0,139940.0
152530.0,123484.0,146667.0,139959.0
153108.0,123509.0,146676.0,139995.0
153126.0,123527.0,146816.0,141325.0
153144.0,123563.0,146825.0,141574.0
153250.0,123800.0,147013.0,141608.0
153269.0,124113.0,147165.0,141945.0
153834.0,125028.0,147536.0,142179.0
154101.0,125091.0,147703.0,142285.0
154235.0,125170.0,147749.0,142294.0
154350.0,125462.0,147776.0,142407.0
154527.0,125471.0,147828.0,142416.0
154712.0,125499.0,148131.0,142489.0
155070.0,126076.0,148140.0,142522.0
155283.0,126119.0,148177.0,142869.0
155973.0,126207.0,148335.0,142878.0
156134.0,126289.0,148399.0,143118.0
156213.0,126562.0,148405.0,143181.0
156286.0,126580.0,148487.0,143376.0
156408.0,126711.0,148584.0,143473.0
157270.0,126748.0,148627.0,143491.0
157809.0,126863.0,149222.0,143516.0
158246.0,126942.0,149310.0,143534.0
158723.0,127185.0,149514.0,143543.0
159197.0,127200.0,149772.0,144050.0
160409.0,127389.0,150251.0,144573.0
160524.0,127565.0,150710.0,144795.0
160755.0,127617.0,150774.0,144892.0
161208.0,127732.0,151102.0,144962.0
161299.0,127778.0,151166.0,144971.0
161457.0,127820.0,151263.0,145099.0
161518.0,127884.0,151290.0,145239.0
161776.0,127909.0,151494.0,145309.0
162371.0,128106.0,151500.0,145600.0
162760.0,128258.0,151519.0,145637.0
162982.0,128391.0,151616.0,145691.0
163028.0,128577.0,151625.0,145725.0
163046.0,129367.0,151661.0,145813.0
163295.0,129534.0,151777.0,146427.0
163462.0,129543.0,151786.0,146454.0
163736.0,129695.0,151810.0,146612.0
163976.0,129729.0,151944.0,146700.0
164058.0,129756.0,152275.0,146791.0
164216.0,129808.0,152363.0,146807.0
164562.0,130004.0,152497.0,147244.0
164580.0,130040.0,152567.0,147341.0
164678.0,130217.0,152992.0,147642.0
164739.0,130396.0,153001.0,147679.0
164748.0,130606.0,153278.0,147767.0
164933.0,130891.0,153366.0,147819.0
164988.0,130907.0,153375.0,147970.0
165334.0,130916.0,153409.0,148098.0
165662.0,132374.0,153418.0,148496.0
165671.0,132408.0,153621.0,148955.0
165699.0,132675.0,153861.0,149204.0
165936.0,132693.0,153977.0,149231.0
166009.0,132709.0,154004.0,149499.0
166018.0,132851.0,154022.0,149550.0
166452.0,133021.0,154332.0,149781.0
166656.0,133386.0,154493.0,150136.0
166850.0,133508.0,154518.0,150145.0
166911.0,133526.0,154590.0,150303.0
166975.0,133650.0,154688.0,150428.0
166984.0,133669.0,154721.0,150437.0
167020.0,133702.0,154749.0,150455.0
167057.0,133960.0,154767.0,150604.0
167224.0,134121.0,154776.0,150668.0
167297.0,134343.0,154794.0,150677.0
167358.0,134495.0,154855.0,150695.0
167394.0,134510.0,155089.0,150756.0
167598.0,134608.0,155177.0,150765.0
167783.0,135063.0,155292.0,150941.0
167792.0,135160.0,155335.0,151351.0
167899.0,135179.0,155353.0,151458.0
167996.0,135188.0,155414.0,151467.0
168005.0,135276.0,155487.0,151607.0
168227.0,135294.0,155496.0,151652.0
168254.0,135391.0,155511.0,151962.0
168281.0,135647.0,155520.0,152044.0
168290.0,135735.0,155627.0,152080.0
168421.0,136145.0,155812.0,152099.0
168546.0,136172.0,155900.0,152309.0
168573.0,136206.0,155937.0,152327.0
168740.0,136233.0,156125.0,152336.0
169080.0,136358.0,156365.0,152381.0
169442.0,136400.0,156541.0,152390.0
169716.0,136473.0,156745.0,152600.0
169734.0,136491.0,156842.0,152628.0
169761.0,136516.0,156903.0,152673.0
169983.0,136659.0,157021.0,152822.0
170046.0,137078.0,157076.0,153074.0
170675.0,137087.0,157100.0,153083.0
171313.0,137096.0,157216.0,153092.0
171322.0,137209.0,157359.0,153162.0
171988.0,137245.0,157377.0,153171.0
171997.0,137281.0,157465.0,153302.0
172015.0,137315.0,157599.0,153320.0
172866.0,137759.0,157632.0,153339.0
173045.0,137856.0,157696.0,153384.0
173160.0,137865.0,157757.0,153427.0
173665.0,137953.0,157766.0,153463.0
174127.0,138187.0,157793.0,153542.0
174491.0,138354.0,157863.0,153588.0
174534.0,138558.0,158802.0,153597.0
174747.0,138682.0,159009.0,153603.0
174899.0,138691.0,159568.0,153658.0
174914.0,138840.0,159656.0,153746.0
175005.0,138901.0,160074.0,153764.0
175980.0,138956.0,160621.0,153773.0
176479.0,139010.0,160904.0,153782.0
176549.0,139205.0,160940.0,153825.0
176770.0,139250.0,160995.0,154013.0
177083.0,139278.0,161165.0,154095.0
177214.0,139311.0,161509.0,154129.0
177302.0,139357.0,161554.0,154165.0
177436.0,139366.0,161563.0,154174.0
177746.0,139384.0,161572.0,154208.0
178059.0,139463.0,161800.0,154341.0
178183.0,139506.0,161873.0,154448.0
178305.0,139621.0,162061.0,154457.0
178350.0,139630.0,162210.0,154466.0
178891.0,139700.0,162584.0,154545.0
179159.0,139764.0,162681.0,154934.0
179511.0,139968.0,162830.0,154970.0
179548.0,139986.0,163347.0,155052.0
179894.0,140012.0,163541.0,155098.0
179946.0,140243.0,163578.0,155159.0
179955.0,140331.0,163921.0,155317.0
179964.0,140599.0,164173.0,155399.0
180106.0,140678.0,164447.0,155423.0
180878.0,140720.0,164492.0,155441.0
181002.0,140942.0,164614.0,155593.0
181020.0,140960.0,164632.0,155618.0
181127.0,141006.0,164641.0,155681.0
181446.0,141097.0,164720.0,155830.0
182148.0,141158.0,164872.0,155867.0
182430.0,141167.0,165060.0,156277.0
182458.0,141255.0,165167.0,156295.0
182661.0,141334.0,165264.0,156417.0
182953.0,141565.0,165529.0,156444.0
182999.0,141680.0,165556.0,156949.0
183026.0,141796.0,165574.0,156967.0
183044.0,141802.0,165644.0,157030.0
183062.0,141811.0,165802.0,157085.0
183202.0,141839.0,165884.0,157289.0
183211.0,141981.0,166054.0,157401.0
183239.0,141990.0,166391.0,157456.0
183488.0,142115.0,166601.0,157508.0
183725.0,142328.0,166948.0,157818.0
184047.0,142443.0,167039.0,157827.0
184056.0,142559.0,167251.0,158088.0
184092.0,143215.0,167260.0,158158.0
184278.0,143279.0,167321.0,158440.0
184348.0,143288.0,167738.0,158477.0
184782.0,143482.0,167987.0,158538.0
184870.0,143613.0,168528.0,158617.0
184959.0,144005.0,169327.0,158644.0
184968.0,144157.0,169363.0,158787.0
185174.0,144166.0,169479.0,159027.0
185572.0,144175.0,170037.0,159319.0
185590.0,144184.0,170091.0,159328.0
185721.0,144193.0,170417.0,159391.0
185767.0,144209.0,170967.0,159513.0
185916.0,144218.0,171465.0,159522.0
185970.0,144564.0,171599.0,159531.0
186274.0,144865.0,171881.0,159601.0
186283.0,144944.0,172264.0,160117.0
186335.0,145521.0,172440.0,160126.0
186584.0,145682.0,172954.0,160135.0
186593.0,145707.0,173328.0,160199.0
186867.0,145831.0,173416.0,160320.0
187161.0,146010.0,173489.0,160445.0
188429.0,146205.0,173629.0,160472.0
188526.0,146278.0,173887.0,160597.0
188650.0,146296.0,173939.0,160913.0
188669.0,146348.0,173984.0,160959.0
188678.0,146366.0,174206.0,160977.0
188854.0,146418.0,174279.0,161004.0
188890.0,146472.0,174376.0,161086.0
189088.0,146506.0,174385.0,161226.0
189404.0,146603.0,174394.0,161253.0
189413.0,146685.0,174437.0,161493.0
189811.0,147004.0,174765.0,161527.0
190008.0,147378.0,174817.0,161615.0
190044.0,147411.0,174862.0,161651.0
190503.0,147439.0,175014.0,161855.0
190983.0,147800.0,175227.0,162335.0
191241.0,147916.0,175263.0,162654.0
191287.0,148007.0,175342.0,162928.0
191311.0,148256.0,175421.0,163107.0
191533.0,148292.0,175528.0,163268.0
191630.0,148380.0,175591.0,163286.0
191649.0,148654.0,175616.0,163408.0
191676.0,148672.0,175856.0,163754.0
191834.0,148821.0,176390.0,163815.0
191931.0,148876.0,176628.0,163851.0
191959.0,148937.0,176637.0,163912.0
191968.0,148991.0,176789.0,164076.0
192110.0,149329.0,176910.0,164100.0
192271.0,149365.0,176947.0,164270.0
192688.0,149532.0,177065.0,164438.0
192703.0,149727.0,177144.0,164465.0
192712.0,149842.0,177339.0,164535.0
192749.0,150048.0,177418.0,164845.0
192819.0,150075.0,177968.0,164924.0
193122.0,150172.0,178208.0,165015.0
193292.0,150853.0,178226.0,165024.0
193584.0,150987.0,178244.0,165255.0
193654.0,151111.0,178369.0,165635.0
193760.0,151306.0,178402.0,165750.0
193900.0,151324.0,178767.0,165820.0
194116.0,151333.0,179070.0,165866.0
194541.0,151342.0,179326.0,166027.0
194578.0,151360.0,179919.0,166063.0
194824.0,151379.0,180258.0,166124.0
195003.0,151388.0,180461.0,166294.0
195164.0,151564.0,180522.0,166319.0
195234.0,151829.0,180595.0,166328.0
195304.0,151874.0,180814.0,166498.0
195474.0,152150.0,180832.0,166513.0
195687.0,152248.0,181242.0,166586.0
195784.0,152266.0,181330.0,166595.0
195809.0,152637.0,181376.0,166629.0
195933.0,153214.0,181400.0,166674.0
196389.0,153241.0,181604.0,166683.0
196413.0,153296.0,181738.0,166692.0
197151.0,153311.0,181756.0,166939.0
197197.0,153445.0,181853.0,167288.0
197708.0,153472.0,182111.0,167835.0
198190.0,153524.0,182209.0,167871.0
198242.0,153533.0,182397.0,168032.0
198516.0,153630.0,182634.0,168148.0
198561.0,153737.0,182795.0,168218.0
198613.0,153922.0,182865.0,168263.0
198695.0,154059.0,182908.0,168342.0
198950.0,154110.0,182980.0,168430.0
199847.0,154378.0,183071.0,168555.0
200624.0,154396.0,183080.0,168591.0
200633.0,154572.0,183099.0,168786.0
201104.0,154642.0,183105.0,168892.0
201177.0,154697.0,183114.0,169071.0
201371.0,154800.0,183123.0,169187.0
201496.0,154907.0,183150.0,169248.0
201548.0,154925.0,183275.0,169284.0
201645.0,154952.0,183655.0,169503.0
201654.0,154998.0,183789.0,169655.0
201821.0,155007.0,183822.0,169947.0
202046.0,155025.0,183910.0,170000.0
202073.0,155061.0,183974.0,170082.0
202170.0,155104.0,183983.0,170301.0
202480.0,155140.0,184320.0,170514.0
203128.0,155186.0,184603.0,170532.0
203146.0,155195.0,184612.0,170611.0
203225.0,155201.0,184694.0,170736.0
203234.0,155210.0,184773.0,170976.0
203289.0,155450.0,185332.0,171100.0
203386.0,155566.0,185730.0,171128.0
203720.0,155715.0,187505.0,171137.0
204024.0,155858.0,188146.0,171261.0
204185.0,156082.0,188182.0,171492.0
204194.0,156107.0,188340.0,171775.0
204608.0,156189.0,188465.0,172334.0
204635.0,156231.0,188517.0,172422.0
204909.0,156310.0,188687.0,172699.0
204936.0,156338.0,188696.0,172802.0
204981.0,156356.0,189228.0,172918.0
205027.0,156392.0,189422.0,172927.0
205054.0,156426.0,189459.0,173142.0
205179.0,156620.0,189556.0,173258.0
205391.0,156648.0,189574.0,173300.0
205957.0,156754.0,189592.0,173452.0
206093.0,156790.0,189653.0,173470.0
206321.0,156851.0,189857.0,173647.0
206525.0,156860.0,190114.0,173726.0
206622.0,156921.0,190248.0,173744.0
206835.0,157058.0,190716.0,173902.0
207458.0,157304.0,190761.0,173920.0
207625.0,157331.0,190770.0,174066.0
207962.0,157386.0,190974.0,174118.0
207971.0,157438.0,191205.0,174154.0
208123.0,157447.0,192192.0,174190.0
208479.0,157483.0,192439.0,174233.0
208822.0,157535.0,192448.0,174251.0
209056.0,157553.0,192864.0,174321.0
209065.0,157614.0,193016.0,174507.0
209241.0,157650.0,193186.0,174525.0
209612.0,157669.0,193201.0,174783.0
209825.0,157678.0,193353.0,174792.0
210076.0,157711.0,193399.0,174844.0
210331.0,157739.0,193645.0,174978.0
210401.0,157951.0,194091.0,175272.0
210669.0,158352.0,194161.0,175430.0
210739.0,158431.0,194259.0,175494.0
210784.0,158662.0,194310.0,175698.0
210890.0,158778.0,194392.0,175722.0
210906.0,158884.0,194611.0,176017.0
211088.0,159382.0,194967.0,176053.0
211291.0,159407.0,195243.0,176062.0
211440.0,159416.0,195845.0,176080.0
211617.0,159443.0,196477.0,176336.0
211909.0,159647.0,196592.0,176406.0
211981.0,159717.0,196653.0,176716.0
212045.0,159939.0,196857.0,176965.0
212054.0,159966.0,197045.0,176983.0
212106.0,159993.0,197081.0,176992.0
212197.0,160010.0,197142.0,177056.0
212568.0,160038.0,197230.0,177117.0
212601.0,160065.0,197285.0,177542.0
212656.0,160481.0,197832.0,177579.0
212832.0,160579.0,197911.0,177588.0
212975.0,160612.0,197984.0,177603.0
213233.0,160630.0,197993.0,177685.0
213312.0,160649.0,198066.0,177870.0
213321.0,160658.0,198075.0,177931.0
213330.0,160667.0,198118.0,177977.0
213367.0,161022.0,198136.0,178077.0
213400.0,161077.0,198215.0,178110.0
213507.0,161138.0,198303.0,178262.0
213570.0,161192.0,198598.0,178314.0
213826.0,161217.0,198756.0,178396.0
213996.0,161235.0,198808.0,178411.0
214023.0,161244.0,198835.0,178484.0
214069.0,161341.0,198862.0,178527.0
214148.0,161484.0,198871.0,178615.0
214157.0,161545.0,198899.0,178624.0
214254.0,161581.0,198969.0,178679.0
214591.0,161688.0,198978.0,178697.0
214689.0,161767.0,199032.0,178828.0
214713.0,161864.0,199209.0,179043.0
214777.0,162007.0,199272.0,179052.0
214892.0,162104.0,199306.0,179195.0
214971.0,162122.0,199315.0,179229.0
215008.0,162168.0,199412.0,179238.0
215026.0,162283.0,199582.0,179557.0
215053.0,162557.0,199643.0,179566.0
215099.0,162609.0,199698.0,179724.0
215105.0,162690.0,199865.0,179867.0
215132.0,162706.0,200013.0,179991.0
215293.0,162779.0,200156.0,180063.0
215381.0,163204.0,200484.0,180179.0
215415.0,163338.0,200785.0,180391.0
215433.0,163426.0,200800.0,180416.0
215637.0,163453.0,201016.0,180647.0
215646.0,163532.0,201061.0,180771.0
215682.0,163657.0,201399.0,180957.0
215743.0,164313.0,201441.0,180984.0
215770.0,164775.0,201469.0,181093.0
215929.0,165033.0,201609.0,181190.0
215947.0,165112.0,201627.0,181215.0
215974.0,165194.0,201803.0,181297.0
216047.0,165608.0,201885.0,181464.0
216074.0,165981.0,201964.0,181765.0
216278.0,166133.0,202134.0,181880.0
216339.0,166638.0,202435.0,181941.0
216427.0,166647.0,202514.0,182290.0
216436.0,166805.0,202684.0,182306.0
216524.0,166823.0,202736.0,182652.0
216579.0,166887.0,202763.0,182670.0
216597.0,166957.0,202806.0,182704.0
216667.0,167312.0,202912.0,182722.0
216764.0,167376.0,203085.0,182892.0
216807.0,167455.0,203313.0,183035.0
216852.0,167525.0,203517.0,184144.0
216931.0,167534.0,203580.0,184357.0
217013.0,167631.0,203739.0,184427.0
217059.0,167729.0,203757.0,184506.0
217165.0,167905.0,203845.0,184746.0
217235.0,168607.0,204060.0,184816.0
217305.0,168838.0,204176.0,185396.0
217402.0,168847.0,204264.0,185466.0
217493.0,168883.0,204307.0,185828.0
217518.0,169275.0,204316.0,186016.0
217536.0,169521.0,204468.0,186052.0
217572.0,169798.0,204592.0,186131.0
217961.0,169910.0,204617.0,186201.0
218043.0,169974.0,204626.0,186371.0
218973.0,169992.0,204662.0,186380.0
219198.0,170055.0,204680.0,186399.0
219505.0,170240.0,204705.0,186432.0
219709.0,170444.0,205203.0,186618.0
219903.0,170541.0,205443.0,186876.0
219976.0,170550.0,205513.0,187000.0
220118.0,170587.0,205531.0,187134.0
221157.0,170620.0,205559.0,187444.0
221351.0,170639.0,205568.0,188641.0
221519.0,170657.0,205610.0,188942.0
221795.0,170790.0,205647.0,188988.0
221971.0,170806.0,205708.0,189097.0
222178.0,170842.0,205726.0,189219.0
222673.0,171012.0,205887.0,189468.0
222707.0,171146.0,206048.0,189477.0
222886.0,171155.0,206084.0,189705.0
222983.0,171225.0,206224.0,189714.0
223232.0,171234.0,206279.0,189848.0
223463.0,171298.0,206330.0,189954.0
223658.0,171304.0,206394.0,190099.0
223667.0,171395.0,206482.0,190150.0
224271.0,171456.0,206491.0,190239.0
224323.0,171483.0,206507.0,190293.0
224660.0,171535.0,206604.0,190309.0
225779.0,171571.0,206631.0,190318.0
225858.0,172051.0,206862.0,190372.0
225991.0,172200.0,207157.0,190415.0
226277.0,172291.0,207254.0,190451.0
227003.0,172307.0,207324.0,190512.0
227298.0,172617.0,207582.0,190664.0
227748.0,172635.0,207856.0,190707.0
227836.0,172644.0,208239.0,190725.0
228200.0,172671.0,208488.0,191126.0
228219.0,172963.0,208512.0,191515.0
228246.0,173063.0,208725.0,191728.0
228282.0,173115.0,208965.0,192040.0
228291.0,173124.0,209108.0,192156.0
228875.0,173203.0,209287.0,192165.0
229036.0,173461.0,209409.0,192323.0
230056.0,173559.0,209533.0,192484.0
230621.0,173638.0,209603.0,192828.0
230807.0,173708.0,209719.0,192925.0
230816.0,173735.0,210304.0,193052.0
230852.0,173799.0,210359.0,193070.0
230940.0,173805.0,210429.0,193265.0
230995.0,173911.0,210571.0,193308.0
231059.0,173993.0,210775.0,193672.0
231411.0,174020.0,210942.0,193858.0
231624.0,174075.0,210960.0,193973.0
232043.0,174136.0,211024.0,193991.0
232256.0,174358.0,211352.0,194435.0
232265.0,174428.0,211361.0,194499.0
232609.0,174473.0,211477.0,194666.0
232706.0,174570.0,211556.0,194879.0
232919.0,174604.0,211583.0,194958.0
233295.0,174738.0,212072.0,195030.0
233329.0,174756.0,212090.0,195067.0
233426.0,175041.0,212133.0,195128.0
233718.0,175078.0,212160.0,195173.0
234359.0,175120.0,212267.0,195191.0
234739.0,175157.0,212337.0,195216.0
234784.0,175236.0,212869.0,195289.0
235024.0,175315.0,212993.0,195438.0
235088.0,175519.0,213002.0,195526.0
235316.0,175573.0,213011.0,195544.0
236230.0,175607.0,213020.0,195720.0
236328.0,175643.0,213303.0,196060.0
236531.0,175652.0,213349.0,196079.0
236577.0,175786.0,213358.0,196088.0
236595.0,175810.0,213534.0,196097.0
236993.0,175829.0,213589.0,196103.0
237057.0,175883.0,213598.0,196121.0
237066.0,175935.0,213774.0,196149.0
237552.0,176008.0,213783.0,196158.0
237604.0,176035.0,214166.0,196167.0
237978.0,176044.0,214272.0,196176.0
237996.0,176071.0,214582.0,196185.0
238458.0,176169.0,214698.0,196194.0
238476.0,176178.0,214704.0,196200.0
239017.0,176239.0,214768.0,196219.0
239105.0,176318.0,214786.0,196246.0
239309.0,176354.0,214795.0,196291.0
239628.0,176372.0,214810.0,196866.0
239716.0,176664.0,214883.0,197027.0
240718.0,177135.0,215336.0,197133.0
243568.0,177250.0,215442.0,197221.0
244190.0,177287.0,215655.0,197337.0
244491.0,177472.0,215691.0,197522.0
244613.0,177551.0,216083.0,197531.0
245652.0,177676.0,216357.0,197601.0
246008.0,177940.0,216418.0,197692.0
246035.0,177995.0,216542.0,197735.0
246202.0,178217.0,216551.0,197869.0
246266.0,178341.0,216630.0,198109.0
246974.0,178387.0,216782.0,198385.0
247010.0,178420.0,217086.0,198419.0
247153.0,178448.0,217606.0,198464.0
247409.0,178721.0,217633.0,198525.0
248633.0,179256.0,217688.0,198747.0
248846.0,179308.0,217721.0,198844.0
249140.0,179344.0,217776.0,198996.0
249609.0,179539.0,217873.0,199005.0
250072.0,179645.0,217907.0,199014.0
250285.0,179715.0,217934.0,199111.0
250498.0,180054.0,217998.0,199120.0
250601.0,180081.0,218159.0,199139.0
251075.0,180151.0,218195.0,199148.0
260336.0,180160.0,218238.0,199184.0
260691.0,180197.0,218414.0,199193.0
260789.0,180203.0,218724.0,199218.0
260813.0,180212.0,218733.0,199263.0
260947.0,180249.0,218919.0,199458.0
260992.0,180276.0,219055.0,199607.0
261375.0,180328.0,219091.0,199689.0
261436.0,180373.0,219204.0,199713.0
261676.0,180489.0,219213.0,199962.0
261685.0,180692.0,219295.0,199980.0
261773.0,180902.0,219347.0,200004.0
262341.0,180948.0,219374.0,200129.0
262457.0,181303.0,219383.0,200165.0
262509.0,181312.0,219578.0,200217.0
362700.0,181394.0,219602.0,200262.0
363013.0,181419.0,219718.0,200280.0
363077.0,181491.0,219949.0,200332.0
363439.0,181534.0,220002.0,200387.0
363590.0,181640.0,220075.0,200828.0
364955.0,181783.0,220181.0,200873.0
365091.0,181817.0,220206.0,201034.0
365824.0,182005.0,220215.0,201098.0
366191.0,182281.0,220552.0,201131.0
366289.0,182500.0,220701.0,201159.0
366535.0,182564.0,220808.0,201195.0
366544.0,183132.0,220941.0,201478.0
366696.0,183141.0,221254.0,201539.0
366960.0,183257.0,221290.0,201584.0
367097.0,183743.0,221892.0,201618.0
367112.0,183859.0,221953.0,201681.0
367398.0,183877.0,222938.0,201982.0
367431.0,183938.0,224004.0,202055.0
367981.0,184180.0,224147.0,202152.0
368364.0,184205.0,224156.0,202161.0
368629.0,184481.0,224183.0,202453.0
368771.0,184791.0,224226.0,202523.0
368780.0,184995.0,224244.0,202639.0
368805.0,185129.0,224439.0,202657.0
369400.0,185262.0,224527.0,202888.0
369783.0,185509.0,224679.0,202949.0
371265.0,185536.0,224776.0,202985.0
371964.0,185873.0,225201.0,203030.0
371982.0,186034.0,225247.0,203368.0
372037.0,186186.0,225399.0,203438.0
372073.0,186469.0,225548.0,203535.0
372329.0,186645.0,225575.0,203544.0
372718.0,187198.0,225627.0,203614.0
372772.0,187532.0,225849.0,203775.0
372921.0,187596.0,225885.0,203942.0
373711.0,187602.0,226091.0,203960.0
373890.0,187620.0,226231.0,204121.0
374574.0,187639.0,226383.0,204158.0
374592.0,187648.0,226471.0,204200.0
374875.0,187666.0,226587.0,204334.0
375416.0,187745.0,226879.0,204431.0
377111.0,187897.0,226903.0,204459.0
377218.0,187903.0,227313.0,204486.0
377449.0,187912.0,227322.0,204501.0
377458.0,187958.0,227331.0,204714.0
377661.0,187967.0,227863.0,204723.0
377670.0,187976.0,228042.0,204769.0
377722.0,187985.0,228149.0,204778.0
379782.0,187994.0,228325.0,204796.0
380094.0,188003.0,228431.0,204857.0
380438.0,188021.0,228468.0,204884.0
380474.0,188030.0,228529.0,204963.0
381361.0,188049.0,228884.0,205142.0
381370.0,188058.0,228981.0,206039.0
381732.0,188100.0,229063.0,206172.0
381866.0,188137.0,229160.0,206181.0
381945.0,188216.0,229328.0,206349.0
382258.0,188225.0,229416.0,206358.0
382416.0,188261.0,230065.0,206437.0
382896.0,188304.0,230171.0,206589.0
382957.0,188438.0,230366.0,206783.0
383279.0,188915.0,230384.0,206880.0
383507.0,189264.0,230472.0,206905.0
383899.0,189273.0,230630.0,206932.0
384209.0,189547.0,230825.0,206969.0
384254.0,189565.0,230834.0,207087.0
385008.0,189583.0,230889.0,207102.0
385503.0,189839.0,230898.0,207166.0
385619.0,190053.0,230977.0,207272.0
386472.0,190169.0,231077.0,207388.0
387925.0,190442.0,231086.0,207403.0
388520.0,190521.0,231095.0,207500.0
391564.0,190530.0,231165.0,207537.0
392257.0,190549.0,231420.0,207607.0
392354.0,190558.0,231554.0,207704.0
392415.0,190567.0,231651.0,207786.0
393649.0,190585.0,231721.0,208026.0
393977.0,190594.0,231828.0,208044.0
397942.0,190600.0,231837.0,208053.0
398574.0,190619.0,232016.0,208080.0
399869.0,190628.0,232025.0,208248.0
400080.0,190637.0,232089.0,208433.0
402776.0,190646.0,232502.0,208655.0
404055.0,190655.0,232557.0,208859.0
404505.0,190673.0,232672.0,209083.0
404921.0,190691.0,232797.0,209153.0
406024.0,190840.0,233091.0,209205.0
406149.0,190956.0,233301.0,209348.0
406194.0,191083.0,233541.0,209542.0
406486.0,191199.0,233611.0,209551.0
407054.0,191302.0,233684.0,209667.0
407090.0,191339.0,233912.0,209676.0
407328.0,191612.0,234164.0,209694.0
407407.0,191621.0,234173.0,209700.0
407832.0,191719.0,234191.0,209922.0
408066.0,191764.0,234401.0,209986.0
409120.0,191986.0,234492.0,210100.0
409670.0,192004.0,234915.0,210474.0
410070.0,192022.0,235510.0,210483.0
410256.0,192509.0,235529.0,210492.0
410539.0,192624.0,236133.0,210599.0
410788.0,192785.0,236452.0,210711.0
410797.0,192961.0,236896.0,210748.0
411055.0,193061.0,237118.0,210951.0
411374.0,193247.0,237172.0,211006.0
412544.0,193283.0,237181.0,211149.0
412599.0,193326.0,237312.0,211158.0
413635.0,193478.0,237358.0,211200.0
413680.0,193609.0,237385.0,211273.0
413802.0,193946.0,237783.0,211316.0
414939.0,194028.0,238078.0,211334.0
415057.0,194222.0,238193.0,211398.0
415729.0,194240.0,238430.0,211431.0
415987.0,194569.0,238616.0,211468.0
417318.0,194657.0,238661.0,211644.0
417646.0,194693.0,238892.0,211750.0
417716.0,194763.0,238980.0,211820.0
417804.0,195058.0,239071.0,211893.0
417840.0,195322.0,239080.0,212009.0
417868.0,195988.0,239132.0,212115.0
418010.0,196006.0,239318.0,212212.0
418056.0,196015.0,239503.0,212230.0
418083.0,196024.0,239743.0,212276.0
418126.0,196033.0,239929.0,212285.0
418171.0,196042.0,240107.0,212294.0
418870.0,196051.0,240392.0,212300.0
418889.0,196112.0,240453.0,212328.0
419183.0,196130.0,244011.0,212355.0
419244.0,196237.0,244154.0,212373.0
419271.0,196264.0,244233.0,212382.0
419341.0,196431.0,245032.0,212391.0
419411.0,196440.0,245342.0,212425.0
419660.0,196565.0,245953.0,212434.0
420024.0,196583.0,245962.0,212577.0
420103.0,196699.0,246071.0,212674.0
420316.0,197018.0,247047.0,212683.0
420468.0,197294.0,247065.0,212708.0
420501.0,197610.0,247649.0,212753.0
420608.0,197647.0,247700.0,212911.0
421832.0,197674.0,248305.0,212984.0
421841.0,197744.0,248934.0,213181.0
421878.0,197814.0,250744.0,213215.0
422695.0,197850.0,251251.0,213251.0
423582.0,197887.0,251312.0,213385.0
425870.0,197966.0,260293.0,213455.0
427025.0,198011.0,260901.0,213473.0
427308.0,198039.0,260910.0,213491.0
427894.0,198084.0,260974.0,213543.0
427973.0,198154.0,261472.0,213552.0
427982.0,198206.0,261931.0,213613.0
428170.0,198233.0,262235.0,213668.0
429012.0,198251.0,363387.0,213914.0
429100.0,198260.0,363934.0,213987.0
430050.0,198321.0,364168.0,214041.0
430096.0,198330.0,364326.0,214175.0
430157.0,198367.0,365055.0,214290.0
430166.0,198376.0,366252.0,214476.0
430175.0,198455.0,366261.0,214528.0
430254.0,198491.0,366438.0,214546.0
430403.0,198507.0,366553.0,214625.0
430421.0,198534.0,366580.0,214643.0
430485.0,198543.0,366650.0,214670.0
430810.0,198552.0,366678.0,214740.0
430980.0,198570.0,367024.0,214829.0
430999.0,198622.0,367158.0,214838.0
431071.0,198640.0,367194.0,214944.0
431141.0,198668.0,367316.0,214962.0
431600.0,198677.0,367884.0,215044.0
431886.0,198710.0,367909.0,215062.0
431956.0,198729.0,368230.0,215114.0
432302.0,198774.0,368443.0,215266.0
432384.0,198817.0,368452.0,215275.0
432524.0,198905.0,368601.0,215284.0
433004.0,198914.0,369084.0,215390.0
433013.0,198923.0,369516.0,215530.0
433101.0,198987.0,369862.0,215594.0
433420.0,199023.0,369905.0,215798.0
433466.0,199069.0,371760.0,215886.0
433970.0,199078.0,371779.0,215992.0
434140.0,199087.0,372213.0,216010.0
434308.0,199102.0,372222.0,216038.0
434317.0,199157.0,372240.0,216223.0
434344.0,199281.0,372578.0,216287.0
434432.0,199324.0,372958.0,216445.0
434469.0,199333.0,373058.0,216454.0
434520.0,199421.0,373085.0,216694.0
434690.0,199449.0,373696.0,216746.0
434812.0,199467.0,373827.0,216773.0
434821.0,199476.0,374927.0,217040.0
436191.0,199485.0,374972.0,217077.0
436225.0,199494.0,375489.0,217095.0
436270.0,199625.0,375841.0,217156.0
436429.0,199634.0,375984.0,217323.0
436632.0,199722.0,376446.0,217484.0
436702.0,199731.0,376987.0,217581.0
437501.0,199740.0,377069.0,217749.0
437529.0,199768.0,377342.0,217794.0
437556.0,199786.0,377546.0,217819.0
437635.0,199795.0,377652.0,217828.0
437662.0,199838.0,378406.0,217864.0
437750.0,199856.0,378576.0,217882.0
437884.0,199892.0,378956.0,217891.0
437936.0,199908.0,379029.0,217925.0
438151.0,199926.0,380465.0,218070.0
438197.0,199953.0,381404.0,218229.0
438258.0,199999.0,381644.0,218441.0
438267.0,200022.0,381787.0,218539.0
438285.0,200059.0,381909.0,218663.0
438294.0,200086.0,382063.0,218867.0
438647.0,200110.0,382771.0,218964.0
438656.0,200192.0,383251.0,219000.0
438735.0,200208.0,383950.0,219037.0
438805.0,200226.0,385549.0,219082.0
438869.0,200253.0,388043.0,219125.0
439039.0,200305.0,389727.0,219143.0
439118.0,200314.0,390701.0,219189.0
439127.0,200341.0,391005.0,219259.0
439288.0,200466.0,392840.0,219356.0
439367.0,200527.0,393180.0,219453.0
439437.0,200554.0,398130.0,219471.0
439455.0,200572.0,404338.0,219587.0
439482.0,200590.0,404365.0,219596.0
439491.0,200846.0,404374.0,219790.0
439570.0,201283.0,404383.0,219806.0
439686.0,201432.0,404499.0,219833.0
439738.0,201672.0,404514.0,219921.0
439792.0,201690.0,404994.0,219994.0
439996.0,201751.0,405076.0,220127.0
440086.0,201858.0,405979.0,220163.0
440110.0,201928.0,405988.0,220251.0
440129.0,201946.0,405997.0,220279.0
440147.0,201955.0,406006.0,220321.0
440262.0,201973.0,406015.0,220394.0
440271.0,202222.0,406219.0,220464.0
440323.0,202356.0,406547.0,220473.0
440332.0,202648.0,407063.0,220491.0
440369.0,202903.0,407319.0,220516.0
440758.0,203155.0,407726.0,220570.0
440855.0,203331.0,408039.0,220613.0
440882.0,203447.0,408385.0,220631.0
440891.0,203456.0,408844.0,220640.0
440907.0,203465.0,409069.0,220710.0
441016.0,203474.0,409874.0,220756.0
441052.0,203483.0,410283.0,220765.0
441089.0,203492.0,410496.0,220853.0
441229.0,203526.0,410502.0,221014.0
441362.0,203599.0,411684.0,221050.0
441487.0,203678.0,413839.0,221102.0
441496.0,203748.0,413848.0,221148.0
441502.0,203881.0,413857.0,221236.0
441618.0,204006.0,413866.0,221281.0
441636.0,204015.0,413884.0,221333.0
441663.0,204255.0,414531.0,221388.0
441742.0,204422.0,414568.0,221430.0
441858.0,204440.0,414586.0,221494.0
442037.0,204671.0,414708.0,221582.0
442073.0,204699.0,414823.0,221591.0
442134.0,204802.0,414841.0,221607.0
442329.0,204820.0,415774.0,221616.0
442356.0,204839.0,416962.0,221625.0
442444.0,204848.0,416971.0,221634.0
442462.0,204866.0,417132.0,221661.0
442602.0,204945.0,417327.0,221759.0
442620.0,205124.0,417381.0,221829.0
442648.0,205470.0,417549.0,221847.0
442657.0,205841.0,417576.0,221980.0
442727.0,205966.0,417798.0,221999.0
442736.0,206002.0,418038.0,222099.0
442790.0,206011.0,418269.0,222105.0
442815.0,206446.0,419457.0,223056.0
442879.0,206613.0,419509.0,223472.0
442888.0,206695.0,420006.0,223852.0
442958.0,206817.0,420042.0,224013.0
442967.0,206914.0,420130.0,224758.0
442985.0,206923.0,420307.0,225788.0
443049.0,206941.0,420370.0,226125.0
443137.0,206996.0,420404.0,226374.0
443207.0,207041.0,420495.0,226860.0
443225.0,207050.0,421009.0,227058.0
443261.0,207069.0,421018.0,227155.0
443270.0,207209.0,421513.0,227757.0
443289.0,207236.0,421708.0,227845.0
443377.0,207263.0,422020.0,227881.0
443410.0,207281.0,425986.0,228088.0
443438.0,207290.0,426314.0,228343.0
443571.0,207306.0,427663.0,228459.0
443641.0,207351.0,428286.0,228723.0
443669.0,207397.0,428444.0,228778.0
443739.0,207449.0,429599.0,228787.0
443748.0,207564.0,430087.0,229115.0
443827.0,207661.0,430148.0,229151.0
443836.0,207670.0,430184.0,229267.0
443854.0,207689.0,430245.0,229425.0
443942.0,207722.0,430263.0,229522.0
444024.0,207740.0,430351.0,229832.0
444079.0,207847.0,430360.0,229957.0
444200.0,207865.0,430379.0,230038.0
444237.0,207935.0,430388.0,230135.0
444255.0,208017.0,432223.0,230144.0
444325.0,208035.0,432232.0,230199.0
444343.0,208275.0,432241.0,230205.0
444389.0,208318.0,432533.0,230214.0
444440.0,208390.0,433536.0,230603.0
444510.0,208406.0,433563.0,230676.0
444565.0,208415.0,434052.0,230728.0
444574.0,208646.0,434539.0,230764.0
444644.0,209038.0,434548.0,230959.0
444662.0,209074.0,434557.0,231004.0
444714.0,209250.0,434566.0,231174.0
444796.0,209506.0,434575.0,231280.0
444866.0,209746.0,434946.0,231581.0
444893.0,209807.0,434955.0,231688.0
444972.0,209940.0,434964.0,231712.0
445197.0,210146.0,434973.0,232186.0
445203.0,210155.0,434982.0,232308.0
445212.0,210234.0,434991.0,232423.0
445249.0,210270.0,436182.0,232566.0
445258.0,210340.0,436614.0,232681.0
445328.0,210605.0,437042.0,232982.0
445346.0,211079.0,437051.0,233277.0
445364.0,211307.0,437060.0,233286.0
445373.0,211343.0,437219.0,233374.0
445382.0,211608.0,437732.0,233657.0
445461.0,211927.0,437769.0,233666.0
445470.0,212878.0,437778.0,233921.0
445577.0,213376.0,437848.0,234030.0
445601.0,213525.0,438179.0,234076.0
445610.0,213659.0,438212.0,234085.0
445638.0,213686.0,438382.0,234119.0
445647.0,214111.0,438416.0,234137.0
445692.0,214379.0,438498.0,234207.0
445708.0,214634.0,438504.0,234225.0
445744.0,214652.0,438586.0,234650.0
445771.0,214731.0,438601.0,234827.0
445799.0,214759.0,438610.0,234924.0
445814.0,214801.0,438629.0,235158.0
445911.0,215239.0,438902.0,235167.0
446057.0,215309.0,439136.0,235307.0
446093.0,215585.0,439279.0,235352.0
446109.0,216296.0,439297.0,235495.0
446118.0,216311.0,439701.0,235501.0
446127.0,216825.0,440059.0,235583.0
446385.0,217420.0,440299.0,235671.0
446400.0,217475.0,440341.0,235769.0
446446.0,217615.0,440420.0,235954.0
446464.0,217624.0,440439.0,236018.0
446525.0,217712.0,440448.0,236027.0
446534.0,217837.0,440457.0,236212.0
446561.0,217989.0,440466.0,236382.0
446589.0,218025.0,440484.0,236744.0
446598.0,218061.0,440642.0,236939.0
446853.0,218113.0,440767.0,236948.0
447023.0,218140.0,440794.0,237011.0
447102.0,218353.0,440873.0,237127.0
447120.0,218399.0,440925.0,237136.0
447209.0,218487.0,440952.0,237145.0
447218.0,218520.0,441025.0,237242.0
447227.0,218645.0,441201.0,237321.0
447236.0,218654.0,441432.0,237473.0
447245.0,218672.0,441779.0,237491.0
447263.0,218681.0,441788.0,237543.0
447351.0,218690.0,441928.0,237561.0
447379.0,218706.0,441955.0,237570.0
447388.0,218742.0,441964.0,237598.0
447467.0,218821.0,441973.0,237613.0
447494.0,218830.0,442046.0,237729.0
447519.0,218858.0,442143.0,237844.0
447591.0,218885.0,442152.0,237905.0
447625.0,218894.0,442161.0,237969.0
447634.0,218955.0,442170.0,237987.0
447768.0,218991.0,442189.0,238005.0
447777.0,219046.0,442231.0,238032.0
447810.0,219277.0,442338.0,238096.0
447847.0,219408.0,442347.0,238166.0
447874.0,219426.0,442408.0,238175.0
447892.0,219480.0,442578.0,238333.0
447935.0,219639.0,442611.0,238786.0
447953.0,219824.0,442718.0,238810.0
447962.0,219879.0,442745.0,239512.0
447999.0,219888.0,442930.0,239877.0
448017.0,220057.0,443429.0,239910.0
448044.0,220312.0,443474.0,240189.0
448071.0,220400.0,443526.0,240198.0
448114.0,220598.0,443535.0,240240.0
448257.0,220604.0,443544.0,240268.0
448275.0,220862.0,443650.0,240329.0
448309.0,220978.0,443687.0,240338.0
448354.0,221096.0,443766.0,240365.0
448406.0,221184.0,443784.0,240417.0
448415.0,221397.0,443845.0,240444.0
448433.0,221485.0,443881.0,240462.0
448600.0,221643.0,443890.0,240471.0
448619.0,221731.0,443924.0,240480.0
448628.0,221740.0,444088.0,240693.0
448646.0,221768.0,444158.0,240709.0
448664.0,221838.0,444282.0,240727.0
448859.0,221856.0,444291.0,240879.0
448974.0,221908.0,444334.0,241182.0
448983.0,222026.0,444486.0,241517.0
449074.0,222053.0,444547.0,241614.0
449171.0,222062.0,444556.0,241766.0
449241.0,222567.0,444723.0,241906.0
449250.0,222576.0,444778.0,242042.0
449269.0,222822.0,444927.0,242121.0
449320.0,222831.0,445027.0,242316.0
449366.0,222877.0,445072.0,242413.0
449375.0,222992.0,445081.0,242422.0
449436.0,223320.0,445090.0,242556.0
449445.0,223427.0,445115.0,242565.0
449524.0,223506.0,445124.0,242945.0
449533.0,223524.0,445133.0,242954.0
449612.0,223773.0,445221.0,243407.0
449667.0,223816.0,445230.0,243416.0
449700.0,223898.0,445276.0,243744.0
449764.0,223922.0,445300.0,243780.0
449773.0,224110.0,445319.0,244279.0
449968.0,224350.0,445391.0,245069.0
450021.0,224554.0,445434.0,245281.0
450058.0,224572.0,445559.0,245290.0
450067.0,224615.0,445665.0,245421.0
450076.0,224642.0,445717.0,245430.0
450094.0,224828.0,445726.0,245980.0
450119.0,224891.0,445762.0,246017.0
450128.0,224961.0,445920.0,246406.0
450155.0,225070.0,445939.0,246460.0
450182.0,225308.0,446145.0,246594.0
450234.0,225371.0,446233.0,248165.0
450401.0,225423.0,446640.0,248192.0
450650.0,225432.0,446668.0,248527.0
450669.0,225511.0,446677.0,248606.0
450678.0,225520.0,446738.0,248624.0
450696.0,225876.0,446747.0,248660.0
450702.0,226019.0,446756.0,248703.0
450793.0,226107.0,446765.0,248925.0
450951.0,226116.0,446792.0,249061.0
450960.0,226134.0,446808.0,249238.0
451006.0,226152.0,446880.0,249566.0
451015.0,226204.0,446899.0,250027.0
451103.0,226408.0,446905.0,250902.0
451228.0,226578.0,446914.0,250993.0
451264.0,226772.0,446923.0,260354.0
451352.0,226806.0,447014.0,260363.0
451413.0,226833.0,447069.0,260372.0
451477.0,226930.0,447175.0,260664.0
451495.0,227146.0,447290.0,260929.0
451574.0,227182.0,447315.0,260965.0
451592.0,227191.0,447324.0,261384.0
451635.0,227216.0,447333.0,261393.0
451705.0,227225.0,447342.0,261719.0
451714.0,227243.0,447403.0,261861.0
451857.0,227304.0,447421.0,262129.0
451866.0,227368.0,447458.0,262299.0
451909.0,227377.0,447476.0,262332.0
452036.0,227386.0,447652.0,262369.0
452045.0,227401.0,447661.0,362782.0
452054.0,227429.0,447670.0,363147.0
452072.0,227526.0,448035.0,363165.0
452081.0,227687.0,448345.0,363679.0
452124.0,227766.0,448442.0,363882.0
453075.0,227854.0,448451.0,364335.0
453109.0,227924.0,448460.0,364548.0
453464.0,227979.0,448479.0,364575.0
453482.0,228158.0,448488.0,364584.0
453552.0,228185.0,448497.0,364618.0
453747.0,228316.0,448503.0,364627.0
453756.0,228501.0,448512.0,364636.0
453817.0,228547.0,448530.0,364751.0
454175.0,228608.0,448567.0,364760.0
454184.0,228680.0,448576.0,364812.0
454616.0,228699.0,448585.0,364946.0
454777.0,228705.0,448673.0,364964.0
454795.0,228769.0,448752.0,364973.0
454810.0,228796.0,448761.0,365125.0
454917.0,228802.0,448798.0,365198.0
454926.0,229018.0,448822.0,365204.0
454999.0,229027.0,448895.0,365213.0
455008.0,229179.0,449010.0,365240.0
455062.0,229319.0,449038.0,365374.0
455196.0,229355.0,449117.0,365383.0
455336.0,229504.0,449126.0,365453.0
455381.0,229540.0,449162.0,365480.0
455424.0,229780.0,449180.0,365505.0
455628.0,229799.0,449199.0,365569.0
455734.0,229814.0,449205.0,365693.0
455743.0,229841.0,449214.0,365763.0
455752.0,229887.0,449223.0,365833.0
455761.0,230010.0,449232.0,366155.0
455877.0,230047.0,449311.0,366270.0
455901.0,230162.0,449357.0,366447.0
456001.0,230418.0,449384.0,366632.0
456038.0,230490.0,449454.0,367051.0
456180.0,230597.0,449861.0,367103.0
456214.0,230737.0,449898.0,367130.0
456302.0,230746.0,449904.0,367334.0
456311.0,230782.0,450003.0,367361.0
456320.0,230861.0,450049.0,367662.0
456339.0,230913.0,450085.0,367875.0
456357.0,230931.0,450146.0,367972.0
456366.0,231536.0,450173.0,368036.0
456481.0,231697.0,450191.0,368407.0
456515.0,231785.0,450207.0,368540.0
456852.0,231873.0,450216.0,368832.0
456861.0,231882.0,450225.0,369109.0
456922.0,232052.0,450243.0,369419.0
456931.0,232195.0,450252.0,369446.0
456977.0,232414.0,450429.0,369668.0
457110.0,232450.0,450447.0,369686.0
457174.0,232575.0,450456.0,369695.0
457208.0,232788.0,450465.0,369950.0
457244.0,232867.0,450474.0,371052.0
457420.0,232937.0,450483.0,371690.0
457448.0,232946.0,450492.0,371928.0
457493.0,233019.0,450571.0,372000.0
457527.0,233037.0,450599.0,372028.0
457545.0,233116.0,450784.0,372082.0
457563.0,233310.0,450809.0,372356.0
457624.0,233338.0,450818.0,372462.0
457651.0,233639.0,450827.0,373216.0
457688.0,233648.0,450836.0,373340.0
457828.0,233754.0,450845.0,373526.0
457855.0,233772.0,450854.0,373605.0
457864.0,233897.0,450863.0,373678.0
457952.0,233903.0,450872.0,373784.0
458016.0,233949.0,450881.0,374112.0
458025.0,234155.0,451060.0,374316.0
458070.0,234377.0,451167.0,374343.0
458131.0,234669.0,451282.0,375106.0
458186.0,234696.0,451583.0,375230.0
458247.0,234711.0,451662.0,375300.0
458265.0,234845.0,451750.0,375319.0
458274.0,234933.0,451769.0,375373.0
458283.0,234951.0,451802.0,375407.0
458362.0,234979.0,451918.0,375540.0
458371.0,235097.0,452063.0,375568.0
458380.0,235103.0,452373.0,375647.0
458478.0,235149.0,452948.0,375683.0
458654.0,235237.0,453163.0,375692.0
458690.0,235334.0,453455.0,375708.0
458706.0,235343.0,453473.0,375717.0
458715.0,235422.0,454315.0,375726.0
458797.0,235431.0,454324.0,375939.0
459116.0,235699.0,454333.0,375966.0
459152.0,235750.0,454342.0,376224.0
459204.0,236072.0,454351.0,376242.0
459213.0,236188.0,454360.0,376288.0
459462.0,236258.0,454379.0,376330.0
459958.0,236504.0,454388.0,376385.0
460002.0,236513.0,454397.0,376631.0
460066.0,236610.0,454458.0,376668.0
460093.0,236638.0,454467.0,376677.0
460109.0,236656.0,454476.0,377272.0
460118.0,236692.0,454485.0,377281.0
460127.0,236708.0,454494.0,377315.0
460181.0,236753.0,454500.0,377485.0
460190.0,236887.0,454519.0,377555.0
460206.0,236975.0,454528.0,377643.0
460215.0,237039.0,454546.0,377759.0
460358.0,237109.0,454555.0,378105.0
460367.0,237215.0,454573.0,378886.0
460446.0,237303.0,454652.0,379135.0
460525.0,237330.0,455053.0,379621.0
460552.0,237367.0,455080.0,379746.0
460570.0,237437.0,455239.0,380067.0
460589.0,237525.0,455257.0,380401.0
460631.0,237640.0,455327.0,380456.0
460640.0,237686.0,455390.0,381255.0
460659.0,237701.0,455488.0,381282.0
460668.0,237792.0,455549.0,381325.0
460747.0,237817.0,455558.0,381334.0
460826.0,237899.0,455567.0,381486.0
460950.0,237932.0,455646.0,381529.0
460969.0,237950.0,455655.0,381635.0
461290.0,238014.0,455770.0,381699.0
461476.0,238263.0,455840.0,381705.0
461591.0,238397.0,455895.0,381750.0
461689.0,238722.0,456074.0,382267.0
461722.0,238759.0,456092.0,382276.0
461777.0,239008.0,456117.0,382461.0
461962.0,239220.0,456205.0,382504.0
462053.0,239248.0,456278.0,382902.0
462309.0,239372.0,456296.0,383084.0
462354.0,239390.0,456348.0,383163.0
467340.0,239442.0,456375.0,383297.0
467544.0,239460.0,456418.0,383312.0
467580.0,239488.0,456454.0,383330.0
467599.0,240055.0,456506.0,383367.0
468732.0,240116.0,456719.0,383525.0
469133.0,240125.0,456728.0,383765.0
469142.0,240170.0,456737.0,383792.0
469151.0,240277.0,456746.0,385132.0
469160.0,240374.0,456755.0,386153.0
469586.0,240426.0,456764.0,387819.0
469629.0,240505.0,456773.0,388663.0
469638.0,240514.0,456940.0,389860.0
469911.0,240596.0,457004.0,390905.0
469920.0,240620.0,457077.0,391333.0
474881.0,240657.0,457101.0,391546.0
475051.0,240666.0,457411.0,391810.0
475440.0,240736.0,457767.0,392798.0
475635.0,240745.0,458098.0,393524.0
475680.0,240754.0,458104.0,393861.0
475705.0,240790.0,458140.0,395195.0
476124.0,240985.0,458177.0,395690.0
476133.0,241100.0,458292.0,397270.0
476470.0,241128.0,458308.0,399911.0
476504.0,241146.0,458317.0,401223.0
476683.0,241191.0,458326.0,401339.0
476887.0,241216.0,458335.0,402563.0
476896.0,241225.0,458344.0,402800.0
478953.0,241304.0,458353.0,403414.0
480028.0,241377.0,458405.0,403469.0
480037.0,241386.0,458414.0,404037.0
480125.0,241395.0,458441.0,404684.0
480727.0,241410.0,458593.0,404912.0
480842.0,241720.0,458663.0,405012.0
481146.0,241739.0,458681.0,405021.0
481234.0,241836.0,458821.0,406051.0
481386.0,241951.0,458858.0,406325.0
482547.0,242112.0,458919.0,406361.0
,242130.0,458964.0,406413.0
,242149.0,459019.0,406422.0
,242583.0,459028.0,406495.0
,242617.0,459046.0,407009.0
,242626.0,459064.0,407142.0
,242635.0,459073.0,407151.0
,242644.0,459365.0,407179.0
,242653.0,459444.0,407355.0
,242662.0,459471.0,407391.0
,242680.0,459833.0,407425.0
,242699.0,459930.0,407434.0
,242705.0,459967.0,407461.0
,242750.0,459985.0,407470.0
,242820.0,459994.0,407489.0
,242884.0,460482.0,407504.0
,242972.0,460516.0,407522.0
,242981.0,460534.0,407568.0
,243072.0,460543.0,407577.0
,243106.0,460598.0,407595.0
,243115.0,460774.0,407708.0
,243133.0,460817.0,408163.0
,243142.0,460835.0,408312.0
,243151.0,460899.0,408862.0
,243179.0,461023.0,409032.0
,243188.0,461847.0,409166.0
,243197.0,462017.0,409537.0
,243212.0,465812.0,409591.0
,243221.0,466921.0,412003.0
,243346.0,467368.0,412535.0
,243443.0,467508.0,413176.0
,243577.0,467517.0,413343.0
,243586.0,467526.0,413778.0
,243601.0,467535.0,413820.0
,243638.0,467553.0,413945.0
,243647.0,467562.0,413972.0
,243665.0,467571.0,414054.0
,243832.0,467605.0,414063.0
,243841.0,467614.0,414124.0
,244437.0,467623.0,414452.0
,244446.0,467632.0,414461.0
,245625.0,467641.0,414489.0
,245999.0,467650.0,414540.0
,246354.0,467669.0,414559.0
,246813.0,467678.0,414869.0
,246895.0,469124.0,415039.0
,247603.0,469610.0,416458.0
,247773.0,474890.0,416670.0
,247834.0,475121.0,416980.0
,247940.0,475291.0,417008.0
,248314.0,475583.0,417062.0
,248776.0,475608.0,417123.0
,248882.0,475626.0,417248.0
,251260.0,476090.0,417275.0
,262031.0,476106.0,417406.0
,262660.0,476115.0,417442.0
,363633.0,476708.0,417503.0
,363712.0,476948.0,417600.0
,363907.0,479053.0,417628.0
,363916.0,480514.0,417637.0
,364016.0,481252.0,417655.0
,364025.0,482413.0,417673.0
,365073.0,482422.0,417682.0
,366340.0,482431.0,417743.0
,366395.0,482440.0,417789.0
,366401.0,482459.0,417831.0
,366465.0,482468.0,417886.0
,366711.0,482477.0,417910.0
,367088.0,482486.0,417947.0
,367459.0,482529.0,417992.0
,367839.0,482538.0,418001.0
,368911.0,482556.0,418029.0
,371034.0,482565.0,418065.0
,371140.0,482574.0,418199.0
,371830.0,482583.0,418205.0
,375656.0,482608.0,418223.0
,375735.0,482635.0,418250.0
,375753.0,482653.0,418287.0
,375762.0,482662.0,418296.0
,376321.0,482680.0,418302.0
,376695.0,482857.0,418348.0
,377193.0,483212.0,418357.0
,377564.0,,418384.0
,380359.0,,418409.0
,380368.0,,418427.0
,380377.0,,418445.0
,381617.0,,418454.0
,382780.0,,418481.0
,382911.0,,418506.0
,383190.0,,418515.0
,383464.0,,418524.0
,383996.0,,418533.0
,384333.0,,418560.0
,384342.0,,418588.0
,384421.0,,418603.0
,395362.0,,418612.0
,399212.0,,418700.0
,401481.0,,418764.0
,403478.0,,418782.0
,403487.0,,418968.0
,404073.0,,419031.0
,404082.0,,419095.0
,404426.0,,419147.0
,404648.0,,419156.0
,404718.0,,419235.0
,404806.0,,419253.0
,405058.0,,419262.0
,405748.0,,419314.0
,405854.0,,419420.0
,405872.0,,419484.0
,407683.0,,419633.0
,407735.0,,419703.0
,408394.0,,419712.0
,409315.0,,419721.0
,409698.0,,420200.0
,410520.0,,420255.0
,413617.0,,420343.0
,413626.0,,420459.0
,414160.0,,420574.0
,414878.0,,420981.0
,414911.0,,421540.0
,417725.0,,421559.0
,417752.0,,421586.0
,418320.0,,421610.0
,418542.0,,421717.0
,418755.0,,421771.0
,418773.0,,421896.0
,418913.0,,422190.0
,419280.0,,422835.0
,420194.0,,423120.0
,420325.0,,423397.0
,420398.0,,423980.0
,420431.0,,425250.0
,420440.0,,425889.0
,420538.0,,427919.0
,420556.0,,427991.0
,420723.0,,428019.0
,421665.0,,428073.0
,423652.0,,428125.0
,427335.0,,428143.0
,428055.0,,428329.0
,428392.0,,429128.0
,430935.0,,430218.0
,431169.0,,430227.0
,431637.0,,430306.0
,431716.0,,430342.0
,431929.0,,430564.0
,431983.0,,430582.0
,433068.0,,430795.0
,433387.0,,430883.0
,433660.0,,430908.0
,434016.0,,430971.0
,434061.0,,431017.0
,434414.0,,431026.0
,434584.0,,431099.0
,434672.0,,431105.0
,434751.0,,431123.0
,436030.0,,431187.0
,436304.0,,431196.0
,436818.0,,431275.0
,436827.0,,431284.0
,437103.0,,431309.0
,438708.0,,431558.0
,439145.0,,431691.0
,439190.0,,431770.0
,439400.0,,431877.0
,439899.0,,431965.0
,440402.0,,432074.0
,440776.0,,432117.0
,440989.0,,432269.0
,441070.0,,433040.0
,441380.0,,433138.0
,441690.0,,434159.0
,441760.0,,434274.0
,441900.0,,434283.0
,441919.0,,434362.0
,442523.0,,434380.0
,442781.0,,434496.0
,442976.0,,434502.0
,443340.0,,434830.0
,443492.0,,434900.0
,443696.0,,436003.0
,444042.0,,436012.0
,444167.0,,436067.0
,444219.0,,436100.0
,444398.0,,436465.0
,444413.0,,436553.0
,444653.0,,436641.0
,444732.0,,436650.0
,444954.0,,436775.0
,445018.0,,436836.0
,445674.0,,437237.0
,445683.0,,437608.0
,446075.0,,437653.0
,446163.0,,437857.0
,446251.0,,438337.0
,446774.0,,438674.0
,447360.0,,438984.0
,447582.0,,439303.0
,447689.0,,439312.0
,447883.0,,439473.0
,448202.0,,439507.0
,448284.0,,439525.0
,448594.0,,439589.0
,448840.0,,439613.0
,448886.0,,439622.0
,449339.0,,439631.0
,449597.0,,439668.0
,449658.0,,439729.0
,449852.0,,439747.0
,449870.0,,439774.0
,450933.0,,439826.0
,451398.0,,439844.0
,451404.0,,439862.0
,451529.0,,439932.0
,451617.0,,439978.0
,452106.0,,440077.0
,452115.0,,440101.0
,454625.0,,440174.0
,454786.0,,440217.0
,455114.0,,440226.0
,455220.0,,440651.0
,455512.0,,440730.0
,457280.0,,441168.0
,457484.0,,441195.0
,457509.0,,441210.0
,457606.0,,441256.0
,457703.0,,441274.0
,457758.0,,441317.0
,457891.0,,441353.0
,458007.0,,441371.0
,458113.0,,441405.0
,459000.0,,441423.0
,459435.0,,441441.0
,460394.0,,441511.0
,460464.0,,441548.0
,460701.0,,441575.0
,461306.0,,441593.0
,461315.0,,441645.0
,461528.0,,441706.0
,461555.0,,441751.0
,461670.0,,441830.0
,476744.0,,441876.0
,480091.0,,441894.0
,480189.0,,441937.0
,480903.0,,441982.0
,480994.0,,442204.0
,481225.0,,442240.0
,482149.0,,442383.0
,482158.0,,442435.0
,482617.0,,443021.0
,482699.0,,443100.0
,483045.0,,443146.0
,,,443173.0
,,,443216.0
,,,443234.0
,,,443252.0
,,,443298.0
,,,443322.0
,,,443359.0
,,,443562.0
,,,443623.0
,,,443632.0
,,,443678.0
,,,443951.0
,,,443979.0
,,,444051.0
,,,444194.0
,,,444228.0
,,,444264.0
,,,444307.0
,,,444316.0
,,,444352.0
,,,444361.0
,,,444370.0
,,,444404.0
,,,444422.0
,,,444468.0
,,,444529.0
,,,444583.0
,,,444592.0
,,,444608.0
,,,444671.0
,,,444680.0
,,,444705.0
,,,444769.0
,,,444857.0
,,,444909.0
,,,444936.0
,,,444945.0
,,,445188.0
,,,445498.0
,,,445504.0
,,,445540.0
,,,445656.0
,,,445753.0
,,,445780.0
,,,445841.0
,,,445850.0
,,,445896.0
,,,445948.0
,,,445984.0
,,,445993.0
,,,446048.0
,,,446190.0
,,,446206.0
,,,446215.0
,,,446242.0
,,,446260.0
,,,446288.0
,,,446349.0
,,,446437.0
,,,446455.0
,,,446491.0
,,,446516.0
,,,446543.0
,,,446552.0
,,,446570.0
,,,446604.0
,,,446835.0
,,,446844.0
,,,446996.0
,,,447148.0
,,,447157.0
,,,447166.0
,,,447254.0
,,,447430.0
,,,447449.0
,,,447528.0
,,,447704.0
,,,447722.0
,,,447731.0
,,,447759.0
,,,447795.0
,,,447856.0
,,,447865.0
,,,447908.0
,,,447917.0
,,,447971.0
,,,447980.0
,,,448008.0
,,,448026.0
,,,448053.0
,,,448105.0
,,,448123.0
,,,448141.0
,,,448150.0
,,,448196.0
,,,448211.0
,,,448220.0
,,,448424.0
,,,448707.0
,,,448716.0
,,,448770.0
,,,449083.0
,,,449092.0
,,,449135.0
,,,449144.0
,,,449153.0
,,,449348.0
,,,449393.0
,,,449463.0
,,,449472.0
,,,449490.0
,,,449506.0
,,,449603.0
,,,449685.0
,,,449719.0
,,,449728.0
,,,449746.0
,,,449782.0
,,,449807.0
,,,449959.0
,,,449977.0
,,,449986.0
,,,449995.0
,,,450395.0
,,,450580.0
,,,450605.0
,,,450614.0
,,,450623.0
,,,450641.0
,,,450720.0
,,,450739.0
,,,450757.0
,,,450979.0
,,,450988.0
,,,451042.0
,,,451097.0
,,,451121.0
,,,451149.0
,,,451158.0
,,,451194.0
,,,451219.0
,,,451237.0
,,,451255.0
,,,451307.0
,,,451316.0
,,,451334.0
,,,451343.0
,,,451361.0
,,,451440.0
,,,451459.0
,,,451468.0
,,,451501.0
,,,451538.0
,,,451547.0
,,,451565.0
,,,451626.0
,,,451644.0
,,,451653.0
,,,451741.0
,,,451811.0
,,,452009.0
,,,453570.0
,,,454078.0
,,,454537.0
,,,454607.0
,,,454698.0
,,,454704.0
,,,454722.0
,,,454731.0
,,,454768.0
,,,454847.0
,,,454865.0
,,,454874.0
,,,454892.0
,,,454908.0
,,,454935.0
,,,454944.0
,,,454953.0
,,,454962.0
,,,454971.0
,,,454980.0
,,,455017.0
,,,455105.0
,,,455141.0
,,,455187.0
,,,455202.0
,,,455211.0
,,,455248.0
,,,455275.0
,,,455284.0
,,,455293.0
,,,455345.0
,,,455354.0
,,,455415.0
,,,455460.0
,,,455479.0
,,,455497.0
,,,455673.0
,,,455716.0
,,,455725.0
,,,455798.0
,,,455831.0
,,,455859.0
,,,455868.0
,,,455886.0
,,,455910.0
,,,455929.0
,,,455938.0
,,,455947.0
,,,455956.0
,,,455965.0
,,,455974.0
,,,455983.0
,,,456029.0
,,,456065.0
,,,456126.0
,,,456135.0
,,,456144.0
,,,456153.0
,,,456250.0
,,,456287.0
,,,456551.0
,,,456560.0
,,,456588.0
,,,456597.0
,,,456825.0
,,,456968.0
,,,457031.0
,,,457086.0
,,,457192.0
,,,457253.0
,,,457299.0
,,,457314.0
,,,457323.0
,,,457332.0
,,,457341.0
,,,457378.0
,,,457387.0
,,,457396.0
,,,457439.0
,,,457457.0
,,,457466.0
,,,457475.0
,,,457536.0
,,,457554.0
,,,457572.0
,,,457581.0
,,,457633.0
,,,457642.0
,,,457679.0
,,,457721.0
,,,457730.0
,,,457749.0
,,,457776.0
,,,457785.0
,,,457794.0
,,,457800.0
,,,457837.0
,,,457916.0
,,,457925.0
,,,457943.0
,,,457961.0
,,,457989.0
,,,457998.0
,,,458034.0
,,,458043.0
,,,458061.0
,,,458168.0
,,,458195.0
,,,458399.0
,,,458487.0
,,,458803.0
,,,458812.0
,,,458830.0
,,,458849.0
,,,458867.0
,,,459037.0
,,,459055.0
,,,459125.0
,,,459134.0
,,,459143.0
,,,459161.0
,,,459170.0
,,,459189.0
,,,459198.0
,,,459231.0
,,,459277.0
,,,459286.0
,,,459295.0
,,,459301.0
,,,459310.0
,,,459329.0
,,,459338.0
,,,459347.0
,,,459374.0
,,,459392.0
,,,459408.0
,,,459426.0
,,,459453.0
,,,459480.0
,,,459499.0
,,,459514.0
,,,459523.0
,,,459532.0
,,,459541.0
,,,459550.0
,,,459569.0
,,,459578.0
,,,460011.0
,,,460020.0
,,,460057.0
,,,460136.0
,,,460145.0
,,,460561.0
,,,460677.0
,,,460765.0
,,,460808.0
,,,460862.0
,,,460905.0
,,,460914.0
,,,460987.0
,,,460996.0
,,,461111.0
,,,461227.0
,,,461245.0
,,,461254.0
,,,461272.0
,,,461342.0
,,,461421.0
,,,461449.0
,,,461500.0
,,,461573.0
,,,461582.0
,,,461625.0
,,,461704.0
,,,461713.0
,,,461731.0
,,,461786.0
,,,461801.0
,,,461810.0
,,,461838.0
,,,461892.0
,,,461917.0
,,,461926.0
,,,461935.0
,,,461944.0
,,,461999.0
,,,462008.0
,,,462026.0
,,,462071.0
,,,462318.0
,,,462327.0
,,,462336.0
,,,462345.0
,,,467809.0
,,,467863.0
,,,467872.0
,,,468246.0
,,,468255.0
,,,468705.0
,,,468769.0
,,,468893.0
,,,468963.0
,,,469957.0
,,,470393.0
,,,474915.0
,,,474924.0
,,,475015.0
,,,475255.0
,,,475389.0
,,,475404.0
,,,475468.0
,,,475547.0
,,,475556.0
,,,475574.0
,,,475644.0
,,,475662.0
,,,476489.0
,,,476513.0
,,,476522.0
,,,476531.0
,,,476577.0
,,,476586.0
,,,476601.0
,,,476610.0
,,,476629.0
,,,476717.0
,,,476753.0
,,,476762.0
,,,476780.0
,,,476805.0
,,,476823.0
,,,476841.0
,,,476902.0
,,,476957.0
,,,476984.0
,,,477002.0
,,,479248.0
,,,479983.0
,,,480000.0
,,,480019.0
,,,480693.0
,,,480736.0
,,,480879.0
,,,480888.0
,,,481049.0
,,,481058.0
,,,481067.0
,,,481137.0
,,,481164.0
,,,481182.0
,,,481261.0
,,,481270.0
,,,481289.0
,,,481298.0
,,,481304.0
,,,481313.0
,,,481322.0
,,,481331.0
,,,481340.0
,,,481377.0
,,,481395.0
,,,481438.0
,,,481456.0
,,,481465.0
,,,481492.0
,,,481508.0
,,,481517.0
,,,481526.0
,,,481553.0
